New_Route_ID,Route_Name,Action_Taken,Route_Type,Priority_Band,Headway_Min,Fleet_Required,HPV_Count,MPV_Count,LPV_Count,CMP_Trunk,CMP_Route_ID,Population_Served,Social_Flag
FDR-054,Soura to LD,RETAINED_AS_FEEDER,Urban,HP,20,6,0,6,0,False,,11217,True
FDR-483,Parimpora to Budgam,RETAINED_AS_FEEDER,Peri_Urban,LP,35,6,0,6,0,False,,10117,False
FDR-266,Parimpora to Hazratbal,RETAINED_AS_FEEDER,Peri_Urban,MP,35,4,0,0,4,False,,10737,False
FDR-423,Parimpora to Chadora,RETAINED_AS_FEEDER,Peri_Urban,LP,35,5,0,5,0,False,,15524,False
FDR-389,Lawaypora to Jehangir Chowk,RETAINED_AS_FEEDER,Urban,MP,35,5,0,5,0,False,,7558,False
FDR-063,Lalbazar to LD,RETAINED_AS_FEEDER,Urban,HP,20,5,0,5,0,False,,11888,True
FDR-002,Soura to Gadoora,RETAINED_AS_FEEDER,Peri_Urban,LP,35,4,0,4,0,False,,21707,False
FDR-476,Soura to Ganderbal,RETAINED_AS_FEEDER,Urban,LP,35,4,0,0,4,False,,10891,False
FDR-076,Lalbazar to Lalchowk,RETAINED_AS_FEEDER,Urban,HP,20,5,0,5,0,False,,6066,True
FDR-117,Jehangir Chowk to Soura,RETAINED_AS_FEEDER,Urban,HP,20,5,0,5,0,False,,6223,True
TRK-031,Soura to Hazratbal,UPGRADED_TO_TRUNK,Urban,MP,35,3,0,3,0,False,,12568,False
FDR-156,TRC to Hazratbal,RETAINED_AS_FEEDER,Urban,MP,35,3,0,0,3,False,,5991,False
FDR-142,Hazratbal to LD,RETAINED_AS_FEEDER,Urban,MP,35,4,0,4,0,False,,10317,True
FDR-257,Soura to Railway Station,RETAINED_AS_FEEDER,Peri_Urban,MP,35,4,0,4,0,False,,10960,False
FDR-096,Malbagh to LD,RETAINED_AS_FEEDER,Urban,HP,20,6,0,6,0,False,,14496,True
FDR-260,Jehangir Chowk to JVC,RETAINED_AS_FEEDER,Urban,MP,35,3,0,0,3,False,,5066,False
FDR-180,Soura to Parimpora,RETAINED_AS_FEEDER,Urban,MP,35,4,0,0,4,False,,9853,False
FDR-462,Jehangir Chowk to Budgam,RETAINED_AS_FEEDER,Regional_District,LP,35,5,0,0,5,False,,12772,False
FDR-101,Parimpora to Saidakadal,RETAINED_AS_FEEDER,Urban,HP,20,7,0,0,7,False,,7414,False
FDR-270,Jehangir Chowk to HMT,RETAINED_AS_FEEDER,Urban,MP,35,4,0,0,4,False,,6235,False
FDR-287,Parimpora to Pantha Chowk,RETAINED_AS_FEEDER,Peri_Urban,MP,35,5,0,0,5,False,,8715,False
FDR-261,Baghat Shora to Lalchowk,RETAINED_AS_FEEDER,Urban,MP,35,4,0,0,4,False,,5630,False
FDR-333,Parimpora to Rawalpora,RETAINED_AS_FEEDER,Urban,MP,35,5,0,5,0,False,,10148,False
FDR-092,Lalbazar to Qamarwari,RETAINED_AS_FEEDER,Urban,HP,20,5,0,5,0,False,,10399,False
FDR-134,Safakadal to SMHS,RETAINED_AS_FEEDER,Urban,MP,35,3,0,0,3,False,,4392,True
FDR-449,Narbal to Jehangir Chowk,RETAINED_AS_FEEDER,Peri_Urban,LP,35,5,0,0,5,False,,8618,False
FDR-093,Soura to SMHS,RETAINED_AS_FEEDER,Urban,HP,20,6,0,6,0,False,,7866,False
FDR-265,Soura to Qamarwari,RETAINED_AS_FEEDER,Urban,MP,35,4,0,0,4,False,,8029,False
FDR-550,Safakadal to Jehangir Chowk,RETAINED_AS_FEEDER,Urban,HP,20,3,0,3,0,False,,3521,True
FDR-311,Qamarwari to Pathachowk,RETAINED_AS_FEEDER,Peri_Urban,MP,35,4,0,4,0,False,,8443,False
FDR-112,Qamarwari to Dalgate,RETAINED_AS_FEEDER,Urban,HP,20,5,0,5,0,False,,7461,False
FDR-132,Saidakadal to Parimpora,RETAINED_AS_FEEDER,Urban,HP,20,7,0,7,0,False,,7411,False
FDR-159,Lalbazar to Parimpora,RETAINED_AS_FEEDER,Urban,MP,35,4,0,4,0,False,,11139,False
FDR-194,Qamarwari to Hazratbal,RETAINED_AS_FEEDER,Urban,MP,35,5,0,5,0,False,,10336,False
FDR-105,Soura to Jehangir Chowk,RETAINED_AS_FEEDER,Urban,HP,20,5,0,0,5,False,,5950,True
FDR-362,HMT to Jehangir Chowk,RETAINED_AS_FEEDER,Urban,MP,35,4,0,4,0,False,,5756,False
FDR-441,Parimpora to Rangrath,RETAINED_AS_FEEDER,Peri_Urban,LP,35,4,0,4,0,False,,10333,False
FDR-103,Saidakadal to Bypass,RETAINED_AS_FEEDER,Urban,HP,20,7,0,0,7,False,,7107,False
FDR-396,Jehangir Chowk to Panzinara,RETAINED_AS_FEEDER,Peri_Urban,LP,35,4,0,4,0,False,,7605,False
FDR-402,Batamallo to Pantha Chowk,RETAINED_AS_FEEDER,Peri_Urban,LP,35,4,0,4,0,False,,13164,False
FDR-214,Qamarwari to Jehangir Chowk,RETAINED_AS_FEEDER,Urban,MP,35,4,0,4,0,False,,5881,False
FDR-327,Parimpora to Jehangir Chowk,RETAINED_AS_FEEDER,Peri_Urban,MP,35,4,0,4,0,False,,11775,False
FDR-256,JVC to Batwara,RETAINED_AS_FEEDER,Urban,MP,35,5,0,5,0,False,,7289,False
FDR-328,LD to Panthachowk,RETAINED_AS_FEEDER,Urban,MP,35,5,0,5,0,False,,8527,True
FDR-099,Hazratbal to Bone Joint Hospital Barzalla,RETAINED_AS_FEEDER,Peri_Urban,HP,20,5,0,5,0,False,,8461,False
FDR-325,Panthachowk to LD,RETAINED_AS_FEEDER,Urban,MP,35,4,0,4,0,False,,8348,True
FDR-433,GBS to LAL Chowk,RETAINED_AS_FEEDER,Peri_Urban,LP,35,4,0,4,0,False,,5797,False
FDR-146,Parimpora to Jawahairnagar,RETAINED_AS_FEEDER,Urban,MP,35,4,0,4,0,False,,7170,True
FDR-001,Qamarwari to Baghi Mehtab,RETAINED_AS_FEEDER,Peri_Urban,MP,35,4,0,4,0,False,,16437,False
FDR-168,Jehangir Chowk to Bemina,RETAINED_AS_FEEDER,Urban,MP,35,3,0,3,0,False,,4621,False
FDR-073,Chanapora to Soura,RETAINED_AS_FEEDER,Urban,HP,20,7,0,7,0,False,,8355,False
FDR-185,Parimpora to Humhama,RETAINED_AS_FEEDER,Peri_Urban,MP,35,4,0,4,0,False,,10618,False
FDR-339,LD to Pampore,RETAINED_AS_FEEDER,Peri_Urban,MP,35,4,0,4,0,False,,10101,True
FDR-075,Batmaloo to Dalgate,RETAINED_AS_FEEDER,Urban,HP,20,4,0,4,0,False,,3314,False
FDR-155,"Hazratbal, Lalbazar",RETAINED_AS_FEEDER,Urban,MP,35,4,0,0,4,False,,8414,False
FDR-195,LD to Parimpora,RETAINED_AS_FEEDER,Urban,MP,35,4,0,4,0,False,,5587,True
FDR-091,Soura to Dalgate,RETAINED_AS_FEEDER,Urban,HP,20,6,0,0,6,False,,6398,False
TRK-032,Soura to Chuntwaliwar,UPGRADED_TO_TRUNK,Urban,HP,20,4,0,4,0,False,,13352,False
FDR-062,Soura to Batamallo,RETAINED_AS_FEEDER,Urban,HP,20,6,0,6,0,False,,8311,False
FDR-331,Rangpora to Soura,RETAINED_AS_FEEDER,Peri_Urban,MP,35,5,0,5,0,False,,7900,False
FDR-516,LD to Budgam,RETAINED_AS_FEEDER,Peri_Urban,MP,35,5,0,5,0,False,,6060,True
FDR-315,Parimpora to Pampore,RETAINED_AS_FEEDER,Peri_Urban,MP,35,5,0,5,0,False,,9687,False
FDR-100,Rangpora to Dalgate,RETAINED_AS_FEEDER,Peri_Urban,HP,20,5,0,5,0,False,,8214,False
FDR-083,Rangpora to Lalchowk,RETAINED_AS_FEEDER,Urban,HP,20,7,0,0,7,False,,8135,False
FDR-401,Qamarwari to Parimpora,RETAINED_AS_FEEDER,Urban,MP,35,5,0,5,0,False,,5922,True
FDR-193,Ma Road to Safakadal,RETAINED_AS_FEEDER,Urban,MP,35,5,0,0,5,False,,6392,True
FDR-153,Rangpora to LD,RETAINED_AS_FEEDER,Peri_Urban,MP,35,5,0,5,0,False,,10013,True
FDR-045,Soura to Lalchowk,RETAINED_AS_FEEDER,Urban,HP,20,5,0,5,0,False,,5897,False
FDR-319,Ma Road to Parimpora,RETAINED_AS_FEEDER,Peri_Urban,MP,35,4,0,4,0,False,,8013,False
FDR-505,Srinagar to Shanglipora,RETAINED_AS_FEEDER,Regional_District,LP,35,5,2,3,0,False,,10687,False
FDR-461,Srinagar to Isganderpora,RETAINED_AS_FEEDER,Regional_District,LP,35,4,2,2,0,False,,9866,False
FDR-457,Srinagar to Aboora,RETAINED_AS_FEEDER,Regional_District,LP,35,4,2,2,0,False,,10179,False
FDR-527,Srinagar to Arizal,RETAINED_AS_FEEDER,Regional_District,LP,35,5,2,3,0,False,,10562,False
FDR-448,Srinagar to Baderkote,RETAINED_AS_FEEDER,Regional_District,LP,35,5,2,3,0,False,,14292,False
FDR-509,Srinagar to Loolpora,RETAINED_AS_FEEDER,Regional_District,LP,35,5,2,3,0,False,,10374,False
FDR-379,Srinagar to Beeru,RETAINED_AS_FEEDER,Regional_District,MP,35,3,1,2,0,False,,6941,False
FDR-033,Srinagar to Ratnipora,RETAINED_AS_FEEDER,Regional_District,LP,35,4,2,2,0,False,,7834,False
FDR-432,Srinagar to Ratsun,RETAINED_AS_FEEDER,Regional_District,LP,35,4,2,2,0,False,,9725,False
FDR-482,Srinagar to Khag,RETAINED_AS_FEEDER,Regional_District,LP,35,5,2,3,0,False,,10270,False
FDR-458,Srinagar to Karhama,RETAINED_AS_FEEDER,Regional_District,LP,35,4,2,2,0,False,,10104,False
FDR-504,Srinagar to Chewdara,RETAINED_AS_FEEDER,Regional_District,LP,35,4,2,2,0,False,,7511,False
FDR-459,Srinagar to Badrun,RETAINED_AS_FEEDER,Regional_District,LP,35,4,2,2,0,False,,9922,False
FDR-434,Srinagar to Tangmarg,RETAINED_AS_FEEDER,Regional_District,LP,35,5,2,3,0,False,,14640,False
FDR-503,Srinagar to Hajin,RETAINED_AS_FEEDER,Regional_District,LP,35,5,2,3,0,False,,9449,False
FDR-481,Srinagar to Safapora Sumbal,RETAINED_AS_FEEDER,Regional_District,LP,35,4,2,2,0,False,,8734,False
FDR-499,Srinagar to Safapora GBL,RETAINED_AS_FEEDER,Regional_District,LP,35,4,2,2,0,False,,9154,False
FDR-508,Srinagar to Narwara Budgam,RETAINED_AS_FEEDER,Regional_District,LP,35,4,2,2,0,False,,7386,False
FDR-460,Srinagar to Charishreef,RETAINED_AS_FEEDER,Regional_District,LP,35,4,2,2,0,False,,10029,False
FDR-514,Srinagar to Pakherpora,RETAINED_AS_FEEDER,Regional_District,LP,35,5,2,3,0,False,,10612,False
FDR-546,Srinagar to Pasthoon,RETAINED_AS_FEEDER,Regional_District,LP,35,6,2,4,0,False,,11690,False
FDR-534,Srinagar to Pinglish,RETAINED_AS_FEEDER,Regional_District,LP,35,5,2,3,0,False,,11283,False
FDR-539,Srinagar to Tral Nowdal,RETAINED_AS_FEEDER,Regional_District,LP,35,5,2,3,0,False,,9957,False
FDR-004,Srinagar to Qazigund,RETAINED_AS_FEEDER,Regional_District,LP,35,9,3,6,0,False,,13697,False
FDR-520,Srinagar to Mirpora Budgam,RETAINED_AS_FEEDER,Regional_District,LP,35,4,2,2,0,False,,7656,False
FDR-502,Srinagar to Vijipopra,RETAINED_AS_FEEDER,Regional_District,LP,35,4,2,2,0,False,,9327,False
FDR-531,Bandipora to Srinagar,RETAINED_AS_FEEDER,Regional_District,LP,35,7,3,4,0,False,,11662,False
FDR-003,Bandipora to Soura,RETAINED_AS_FEEDER,Regional_District,LP,35,6,2,4,0,False,,32482,False
FDR-537,Bankoot to Srinagar via Bandipora,RETAINED_AS_FEEDER,Regional_District,LP,35,7,3,4,0,False,,11700,False
FDR-506,Sopore to Srinagar,RETAINED_AS_FEEDER,Regional_District,LP,35,6,2,4,0,False,,13292,False
FDR-521,Botingue to Srinagar,RETAINED_AS_FEEDER,Regional_District,LP,35,7,3,4,0,False,,15133,False
FDR-510,Shopian to Srinagar,RETAINED_AS_FEEDER,Regional_District,MP,35,6,2,4,0,False,,12687,True
FDR-529,Sedow to Srinagar,RETAINED_AS_FEEDER,Regional_District,MP,35,6,2,4,0,False,,13208,True
FDR-513,Harman to Srinagar,RETAINED_AS_FEEDER,Regional_District,MP,35,6,2,4,0,False,,12587,True
FDR-526,Kaprin to Srinagar,RETAINED_AS_FEEDER,Regional_District,MP,35,7,3,4,0,False,,13712,True
FDR-530,Nehama to Srinagar,RETAINED_AS_FEEDER,Regional_District,MP,35,7,3,4,0,False,,14067,True
FDR-005,Khull Ahmadabad to Srinagar,RETAINED_AS_FEEDER,Regional_District,LP,35,7,3,4,0,False,,13411,False
FDR-528,Pariwan to Srinagar,RETAINED_AS_FEEDER,Regional_District,MP,35,7,3,4,0,False,,13938,True
FDR-007,Kulgam to Srinagar,RETAINED_AS_FEEDER,Regional_District,LP,35,7,3,4,0,False,,13484,False
FDR-008,Katrosoo to Srinagar,RETAINED_AS_FEEDER,Regional_District,LP,35,7,3,4,0,False,,12947,False
FDR-009,Yaripora to Srinagar,RETAINED_AS_FEEDER,Regional_District,LP,35,7,3,4,0,False,,12546,False
FDR-439,Pulwama to Srinagar,RETAINED_AS_FEEDER,Peri_Urban,LP,35,6,2,4,0,False,,9643,False
FDR-034,Koil to Srinagar,RETAINED_AS_FEEDER,Peri_Urban,LP,35,6,2,4,0,False,,9242,False
FDR-500,Wasoora to Srinagar,RETAINED_AS_FEEDER,Peri_Urban,MP,35,7,3,4,0,False,,11443,True
FDR-435,Srinagar to Lettar,RETAINED_AS_FEEDER,Peri_Urban,LP,35,6,2,4,0,False,,9822,False
FDR-437,Letter to Srinagar,RETAINED_AS_FEEDER,Peri_Urban,LP,35,6,2,4,0,False,,9765,False
FDR-501,Heff to Srinagar,RETAINED_AS_FEEDER,Regional_District,MP,35,5,2,3,0,False,,11615,True
FDR-522,Srinagar to Keller,RETAINED_AS_FEEDER,Regional_District,MP,35,6,2,4,0,False,,12016,True
FDR-524,Keller to Srinagar,RETAINED_AS_FEEDER,Regional_District,MP,35,6,2,4,0,False,,11991,True
FDR-523,Sangerwani to Srinagar,RETAINED_AS_FEEDER,Regional_District,LP,35,5,2,3,0,False,,10549,False
FDR-515,Pakherpora to Srinagar,RETAINED_AS_FEEDER,Regional_District,LP,35,5,2,3,0,False,,10596,False
FDR-010,Anantnagh to Srinagar,RETAINED_AS_FEEDER,Regional_District,LP,35,7,3,4,0,False,,16474,False
FDR-020,Mawan to Srinagar,RETAINED_AS_FEEDER,Regional_District,MP,35,6,2,4,0,False,,15010,True
FDR-021,Devsur to Srinagar,RETAINED_AS_FEEDER,Regional_District,LP,35,7,3,4,0,False,,12562,False
FDR-022,Lammer to Anantnagh,RETAINED_AS_FEEDER,Urban,MP,35,2,1,1,0,False,,40216,True
FDR-030,Anantnagh to Shopian,RETAINED_AS_FEEDER,Regional_District,LP,35,5,2,3,0,False,,102363,False
FDR-430,Srinagar to NEW Khanda,RETAINED_AS_FEEDER,Urban,LP,35,6,0,6,0,False,,8696,False
FDR-567,Srinagar to By Pass,RETAINED_AS_FEEDER,Urban,HP,20,3,0,3,0,False,,2922,True
FDR-471,Srinagar to Khrew,RETAINED_AS_FEEDER,Urban,LP,35,6,0,6,0,False,,9088,False
FDR-088,Srinagar to Railway,RETAINED_AS_FEEDER,Urban,HP,20,4,0,4,0,False,,6016,False
FDR-118,Srinagar to Bypass,RETAINED_AS_FEEDER,Urban,HP,20,5,0,5,0,False,,5527,False
FDR-139,Srinagar to Gulabagh,RETAINED_AS_FEEDER,Urban,MP,35,4,0,4,0,False,,8985,False
FDR-035,Srinagar to Ratnipura,RETAINED_AS_FEEDER,Urban,LP,35,7,0,7,0,False,,7863,False
FDR-047,Srinagar to Buchpora,RETAINED_AS_FEEDER,Urban,HP,20,5,0,5,0,False,,7486,False
FDR-365,Srinagar to Pampore,RETAINED_AS_FEEDER,Urban,MP,35,4,0,4,0,False,,8417,False
FDR-474,Srinagar to Budgam,RETAINED_AS_FEEDER,Urban,LP,35,7,0,7,0,False,,7220,False
FDR-511,Srinagar to Gund,RETAINED_AS_FEEDER,Peri_Urban,MP,35,11,0,11,0,False,,14433,True
FDR-321,Srinagar to Chadoora,RETAINED_AS_FEEDER,Urban,MP,35,5,0,5,0,False,,8881,False
FDR-031,Srinagar to Bugam,RETAINED_AS_FEEDER,Peri_Urban,LP,35,11,0,11,0,False,,11703,False
FDR-568,Srinagar to Rasoo,RETAINED_AS_FEEDER,Urban,HP,20,3,0,3,0,False,,3759,False
FDR-570,Srinagar to Harwan,RETAINED_AS_FEEDER,Urban,LP,35,5,0,5,0,False,,9396,False
FDR-286,Srinagar to Ganderbal,RETAINED_AS_FEEDER,Urban,MP,35,5,0,5,0,False,,8568,False
FDR-573,TRC Srinagar to Airport,RETAINED_AS_FEEDER,Urban,MP,35,5,0,5,0,False,,7737,False
SSCL-01,Parimpora to Harwan via Brein Nishat,UPGRADED_TO_TRUNK,Peri_Urban,HP,15,10,0,10,0,True,SSCL-01,18321,False
SSCL-02,Batamaloo to Nasrullah Pora via Jehangir Chowk Rambagh Hyderpora,UPGRADED_TO_TRUNK,Urban,HP,15,5,0,5,0,True,SSCL-02,9004,False
SSCL-03,Batamaloo to Hazratbal via Khanyar,UPGRADED_TO_TRUNK,Urban,HP,15,9,0,9,0,True,SSCL-03,6652,False
SSCL-04,Batamaloo to Chadoora Chowk via Jehangir Chowk,UPGRADED_TO_TRUNK,Urban,HP,15,6,0,6,0,True,SSCL-04,10659,False
SSCL-05,LD Hospital to Pandach via Jehangir Chowk Dalgate Khanyar,UPGRADED_TO_TRUNK,Urban,HP,15,7,0,7,0,True,SSCL-05,13659,True
SSCL-06,Pantha Chowk to Narbal Crossing via Sonwar Jehangir Chowk Qamarwari,UPGRADED_TO_TRUNK,Peri_Urban,HP,15,9,4,5,0,True,SSCL-06,10543,False
SSCL-07,Batamaloo to Drussu Pulwama via Marwal,UPGRADED_TO_TRUNK,Peri_Urban,HP,15,13,6,7,0,True,SSCL-07,31165,False
SSCL-08,Batamaloo to Budgam Railway Station via Khumeni Chowk,UPGRADED_TO_TRUNK,Peri_Urban,HP,15,7,0,7,0,True,SSCL-08,12487,True
SSCL-09,Parimpora to Naseem Bagh via Noorbagh Gojwara Mill Stop,UPGRADED_TO_TRUNK,Peri_Urban,HP,15,7,0,7,0,True,SSCL-09,10813,False
SSCL-10,Pantha Chowk to Agri Kalan Kanihama via Bypass,UPGRADED_TO_TRUNK,Peri_Urban,HP,15,10,5,5,0,True,SSCL-10,11615,False
SSCL-11,Old City Loop Downtown Srinagar,UPGRADED_TO_TRUNK,Urban,HP,15,2,0,2,0,True,SSCL-11,5270,False
SSCL-12,Rangreth to District Court Srinagar via Barzulla Jehangir Chowk,UPGRADED_TO_TRUNK,Urban,HP,15,7,0,7,0,True,SSCL-12,8449,False
SSCL-13,Batamaloo to Beehama Ganderbal via Hazratbal Zakura,UPGRADED_TO_TRUNK,Peri_Urban,HP,15,11,0,11,0,True,SSCL-13,14120,True
SSCL-14,TRC to Central University Ganderbal via Karan Nagar Zoonimar 90ft Road,UPGRADED_TO_TRUNK,Peri_Urban,HP,15,12,0,12,0,True,SSCL-14,21772,True
SSCL-15,TRC to Pulwama via Nowgam Kaanipora,UPGRADED_TO_TRUNK,Peri_Urban,HP,15,12,0,12,0,True,SSCL-15,9540,True
SSCL-16,Batamaloo Circular via Khonmoh,UPGRADED_TO_TRUNK,Urban,HP,15,9,0,9,0,True,SSCL-16,11248,False
SSCL-17,Batamaloo to Womens College Batpora via Rainawari,UPGRADED_TO_TRUNK,Urban,HP,15,4,0,4,0,True,SSCL-17,4756,False
SSCL-18,Jkpdc Jehangir Chowk to Wadwan,UPGRADED_TO_TRUNK,Peri_Urban,HP,15,7,0,7,0,True,SSCL-18,6831,False
SSCL-19,Pantha Chowk to Sumbal,UPGRADED_TO_TRUNK,Peri_Urban,HP,15,14,7,7,0,True,SSCL-19,12443,False
SSCL-20,Pantha Chowk to Safapora,UPGRADED_TO_TRUNK,Regional_District,HP,15,15,7,8,0,True,SSCL-20,14534,False
SSCL-21,Batamaloo to Arath,UPGRADED_TO_TRUNK,Urban,HP,15,9,0,9,0,True,SSCL-21,18456,False
SSCL-22,Batamaloo to Khrew Bus Stand,UPGRADED_TO_TRUNK,Peri_Urban,HP,15,9,0,9,0,True,SSCL-22,13393,False
SSCL-23,Batamaloo to Charesharief via Chadoora,UPGRADED_TO_TRUNK,Peri_Urban,HP,15,12,0,12,0,True,SSCL-23,35620,False
SSCL-24,Pantha Chowk to Palhalan via Sangrama Sopore,UPGRADED_TO_TRUNK,Peri_Urban,HP,15,15,7,8,0,True,SSCL-24,13628,False
SSCL-25,Batamaloo to Dadsara Tral via Awantipora,UPGRADED_TO_TRUNK,Regional_District,HP,15,11,0,11,0,True,SSCL-25,23205,False
SSCL-26,Batamaloo to Kangan via Hazratbal Manigam,UPGRADED_TO_TRUNK,Regional_District,HP,15,14,0,14,0,True,SSCL-26,15126,False
SSCL-27,Batamaloo to Manigam,UPGRADED_TO_TRUNK,Regional_District,HP,15,13,0,13,0,True,SSCL-27,14857,False
SSCL-28,Batamaloo to Pinglena Pampore via Galandar,UPGRADED_TO_TRUNK,Peri_Urban,HP,15,10,5,5,0,True,SSCL-28,15010,False
SSCL-29,Pantha Chowk to Panzinara,UPGRADED_TO_TRUNK,Urban,HP,15,7,0,7,0,True,SSCL-29,11270,False
SSCL-30,Batamaloo to Dc Office Budgam,UPGRADED_TO_TRUNK,Peri_Urban,HP,15,7,0,7,0,True,SSCL-30,12487,True
